                  epoch,         train/box_loss,         train/cls_loss,         train/dfl_loss,   metrics/precision(B),      metrics/recall(B),       metrics/mAP50(B),    metrics/mAP50-95(B),           val/box_loss,           val/cls_loss,           val/dfl_loss,                 lr/pg0,                 lr/pg1,                 lr/pg2
                      0,                  1.105,                 1.3842,                 1.1997,                0.52025,                0.09554,                0.13431,                0.07784,                    nan,                    nan,                    nan,               3.57e-06,               3.57e-06,               3.57e-06
                      1,                 1.2004,                 1.3536,                 1.2482,                0.52389,                0.10373,                0.13628,                0.07826,                    nan,                    nan,                    nan,             6.6807e-06,             6.6807e-06,             6.6807e-06
                      2,                 1.1627,                 1.3015,                 1.2252,                0.52175,                0.10669,                0.13699,                0.07895,                    nan,                    nan,                    nan,             7.9064e-06,             7.9064e-06,             7.9064e-06
                      3,                 1.2238,                 1.3663,                 1.2661,                0.52134,                 0.1089,                0.13764,                0.08089,                    nan,                    nan,                    nan,             7.2471e-06,             7.2471e-06,             7.2471e-06
                      4,                 1.1124,                 1.3274,                 1.2039,                0.53735,                0.11021,                0.13808,                0.08023,                    nan,                    nan,                    nan,             4.7029e-06,             4.7029e-06,             4.7029e-06
